{"cameraMode":{"drawMode":0,"name":"Shaded","section":"Shading Mode"},"sceneLighting":true,"audioPlay":false,"sceneViewState":{"showFog":true,"showMaterialUpdate":true,"showSkybox":true,"showFlares":true,"showImageEffects":true,"showParticleSystems":true},"in2DMode":false,"pivot":{"x":0.14075732231140138,"y":3.0287017822265627,"z":4.700324535369873},"rotation":{"x":-0.10304558277130127,"y":-0.0721518024802208,"z":0.007494721096009016,"w":-0.9920280575752258},"size":4.542489528656006,"orthographic":false}