{"cameraMode":{"drawMode":0,"name":"Shaded","section":"Shading Mode"},"sceneLighting":true,"audioPlay":false,"sceneViewState":{"showFog":true,"showMaterialUpdate":true,"showSkybox":true,"showFlares":true,"showImageEffects":true,"showParticleSystems":true},"in2DMode":false,"pivot":{"x":8.824420928955079,"y":-72.69225311279297,"z":317.6581726074219},"rotation":{"x":0.11754076927900315,"y":0.013406052254140377,"z":-0.0015868919435888529,"w":0.9929763674736023},"size":342.15423583984377,"orthographic":false}