{"cameraMode":{"drawMode":0,"name":"Shaded","section":"Shading Mode"},"sceneLighting":true,"audioPlay":false,"sceneViewState":{"showFog":true,"showMaterialUpdate":true,"showSkybox":true,"showFlares":true,"showImageEffects":true,"showParticleSystems":true},"in2DMode":false,"pivot":{"x":-0.6938363313674927,"y":25.59279441833496,"z":-25.04619789123535},"rotation":{"x":-0.15683983266353608,"y":-0.012447024695575238,"z":0.001976787345483899,"w":-0.9875436425209045},"size":2.8578836917877199,"orthographic":false}