{"cameraMode":{"drawMode":0,"name":"Shaded","section":"Shading Mode"},"sceneLighting":true,"audioPlay":false,"sceneViewState":{"showFog":true,"showMaterialUpdate":true,"showSkybox":true,"showFlares":true,"showImageEffects":true,"showParticleSystems":true},"in2DMode":false,"pivot":{"x":-3.8044662475585939,"y":-41.070709228515628,"z":164.7828826904297},"rotation":{"x":-0.13162297010421754,"y":0.009505204856395722,"z":-0.0012624807422980667,"w":-0.9912534952163696},"size":179.9938507080078,"orthographic":false}